Question,Acurracy global,Precision_0,Recall_0,F1_score_0,Support_0,Precision_1,Recall_1,F1_score_1,Support_1,Precision_2,Recall_2,F1_score_2,Support_2
0,64.1025641025641,0.5714285714285714,0.7272727272727273,0.64,11,0.7,0.5,0.5833333333333334,14,0.6666666666666666,0.7142857142857143,0.689655172413793,14
"26,60,62,63,96",56.41025641025641,0.5,0.7272727272727273,0.5925925925925926,11,0.5454545454545454,0.42857142857142855,0.4799999999999999,14,0.6666666666666666,0.5714285714285714,0.6153846153846153,14
