Question,Acurracy global,Precision_0,Recall_0,F1_score_0,Support_0,Precision_1,Recall_1,F1_score_1,Support_1,Precision_2,Recall_2,F1_score_2,Support_2
0,64.1025641025641,0.5714285714285714,0.7272727272727273,0.64,11,0.7,0.5,0.5833333333333334,14,0.6666666666666666,0.7142857142857143,0.689655172413793,14
"26,60,62,63,96",53.84615384615385,0.4,0.36363636363636365,0.380952380952381,11,0.5,0.5714285714285714,0.5333333333333333,14,0.6923076923076923,0.6428571428571429,0.6666666666666666,14
"26,29,60,62,63,96",48.717948717948715,0.35294117647058826,0.5454545454545454,0.42857142857142855,11,0.45454545454545453,0.35714285714285715,0.4,14,0.7272727272727273,0.5714285714285714,0.64,14
"14,26,29,60,62,63,96",30.76923076923077,0.3055555555555556,1.0,0.46808510638297873,11,0.5,0.07142857142857142,0.125,14,0.0,0.0,0.0,14
